0.08461819589138031,-0.31159183382987976,0.6984984874725342
0.0812109038233757,-0.3124525845050812,0.6972454786300659
0.0775902196764946,-0.31309187412261963,0.6958746910095215
0.07409483194351196,-0.313932329416275,0.6945868730545044
0.07040693610906601,-0.31478172540664673,0.693170964717865
0.06655764579772949,-0.3156792223453522,0.6917654871940613
0.039055828005075455,-0.32018736004829407,0.725116491317749
0.035218968987464905,-0.32090941071510315,0.7237117290496826
0.03124416619539261,-0.3218161463737488,0.722438395023346
0.027171671390533447,-0.32305780053138733,0.7209230661392212
0.023261724039912224,-0.3239569664001465,0.7194258570671082
0.018938980996608734,-0.3252273499965668,0.717930793762207
0.0143727483227849,-0.32634830474853516,0.7163777351379395
0.010457608848810196,-0.32690829038619995,0.7153410315513611
0.006081222556531429,-0.3275270462036133,0.7137599587440491
0.001927346340380609,-0.32849419116973877,0.7122375965118408
-0.002336122328415513,-0.3293372094631195,0.7106437683105469
-0.006768925581127405,-0.33030492067337036,0.7096180319786072
-0.011147355660796165,-0.3309568464756012,0.708223819732666
-0.015680257230997086,-0.3317157030105591,0.7067307233810425
-0.01999943144619465,-0.3326575458049774,0.7054258584976196
-0.024575894698500633,-0.3333818316459656,0.7044371366500854
-0.029050856828689575,-0.33392637968063354,0.7030460834503174
-0.03349503129720688,-0.33453649282455444,0.7017343640327454
-0.03724267706274986,-0.3353384733200073,0.7006269693374634
-0.04144222289323807,-0.33600494265556335,0.7002212405204773
-0.04569844529032707,-0.33685699105262756,0.6994474530220032
-0.0501352995634079,-0.33755773305892944,0.6980580687522888
-0.052882466465234756,-0.3385310173034668,0.6978417038917542
-0.05800037458539009,-0.33914417028427124,0.696624755859375
-0.06232728436589241,-0.3408692181110382,0.6955919861793518
-0.06601408869028091,-0.34158435463905334,0.6947438716888428
-0.06961651891469955,-0.34212392568588257,0.6937406659126282
-0.07337836176156998,-0.34301719069480896,0.693379819393158
-0.076697438955307,-0.34449535608291626,0.6927862763404846
-0.08062448352575302,-0.3448401689529419,0.6918845176696777
-0.08396980911493301,-0.34614211320877075,0.691139817237854
-0.08781472593545914,-0.34756672382354736,0.6903025507926941
-0.09185437858104706,-0.3488549590110779,0.6899086833000183
-0.09645387530326843,-0.34962719678878784,0.6888812780380249
-0.10091883689165115,-0.35143259167671204,0.688109815120697
-0.10590159147977829,-0.352914959192276,0.6872777938842773
-0.11056885123252869,-0.3551655411720276,0.6866771578788757
-0.11530991643667221,-0.3579111695289612,0.6862518787384033
-0.12063027173280716,-0.3604765832424164,0.6859357953071594
-0.12584803998470306,-0.3629828989505768,0.6854678988456726
-0.1313093602657318,-0.36559778451919556,0.6851423978805542
-0.13675427436828613,-0.3680972158908844,0.684859037399292
-0.14223158359527588,-0.3708484172821045,0.6848087906837463
-0.1479887068271637,-0.3734888732433319,0.6851381063461304
-0.1534237414598465,-0.37647324800491333,0.6853110194206238
-0.1588662564754486,-0.37928450107574463,0.6856107711791992
-0.16435815393924713,-0.38227567076683044,0.6860932111740112
-0.16957643628120422,-0.38572022318840027,0.6871676445007324
-0.17480561137199402,-0.3888889253139496,0.6879671216011047
-0.18008045852184296,-0.3923940658569336,0.6888243556022644
-0.18526463210582733,-0.39584746956825256,0.6898557543754578
-0.190354123711586,-0.399539977312088,0.6911954283714294
-0.19533072412014008,-0.40330854058265686,0.6923880577087402
-0.20072413980960846,-0.40690892934799194,0.6936912536621094
-0.20586133003234863,-0.4106866121292114,0.6954894065856934
-0.21064572036266327,-0.4145719110965729,0.6970650553703308
-0.2156546711921692,-0.4183315634727478,0.6986873745918274
-0.22024832665920258,-0.42214420437812805,0.7004624605178833
-0.22494012117385864,-0.42599183320999146,0.7025899291038513
-0.22893746197223663,-0.43004754185676575,0.704505443572998
-0.23279201984405518,-0.4340517818927765,0.7065101861953735
-0.23653081059455872,-0.4381222128868103,0.7089095115661621
-0.23959356546401978,-0.4422647953033447,0.7111372351646423
-0.24285048246383667,-0.44502830505371094,0.7128829956054688
-0.24542008340358734,-0.44878968596458435,0.7153658866882324
-0.2489529401063919,-0.45076557993888855,0.7171399593353271
-0.2509675920009613,-0.4542276859283447,0.7192059755325317
-0.25137990713119507,-0.4596264064311981,0.7221736907958984
-0.25297462940216064,-0.46312156319618225,0.7246003150939941
-0.25468015670776367,-0.4667673110961914,0.7268126606941223
-0.2563996911048889,-0.4703933000564575,0.7290682196617126
-0.257619708776474,-0.47439324855804443,0.7314223051071167
-0.2589036226272583,-0.4781804084777832,0.7340401411056519
-0.2601015865802765,-0.4819965660572052,0.7364839315414429
-0.26100480556488037,-0.4857727587223053,0.738990306854248
-0.26154273748397827,-0.48932191729545593,0.7412950396537781
-0.26183629035949707,-0.4926759600639343,0.7436518669128418
-0.261544406414032,-0.49557507038116455,0.7458151578903198
-0.2613326609134674,-0.49876487255096436,0.7479957938194275
-0.2612503468990326,-0.5014597773551941,0.7498871684074402
-0.2609681189060211,-0.5039129257202148,0.7518040537834167
-0.26068249344825745,-0.5062116980552673,0.75382000207901
-0.2605091333389282,-0.508476734161377,0.7555794715881348
-0.26044490933418274,-0.5105680227279663,0.7571473717689514
-0.2602420747280121,-0.511416494846344,0.7579225301742554
-0.2601855397224426,-0.5154331922531128,0.7607622146606445
-0.2603684365749359,-0.5172470211982727,0.7621256709098816
-0.25979357957839966,-0.518687903881073,0.7631871700286865
-0.2592889964580536,-0.5198366045951843,0.7640346884727478
-0.25852730870246887,-0.5210791230201721,0.7650023698806763
-0.25755682587623596,-0.517634928226471,0.7627531290054321
-0.256418913602829,-0.518282413482666,0.7626783847808838
-0.2544637620449066,-0.517886221408844,0.7624188661575317
-0.25321170687675476,-0.5178372263908386,0.7624217867851257
-0.25188201665878296,-0.5170937776565552,0.7625557780265808
-0.25021541118621826,-0.5163602828979492,0.761858344078064
-0.249017134308815,-0.5158401131629944,0.761448860168457
-0.2477470338344574,-0.515873908996582,0.7613260746002197
-0.2466437965631485,-0.5143541097640991,0.7600517272949219
-0.24534811079502106,-0.5134079456329346,0.7593177556991577
-0.24403434991836548,-0.5123945474624634,0.7585843205451965
-0.24288076162338257,-0.5113217830657959,0.7577818632125854
-0.24147304892539978,-0.511063277721405,0.7573816180229187
-0.24016359448432922,-0.5100372433662415,0.7564142346382141
-0.23895451426506042,-0.5089594721794128,0.755409836769104
-0.23773925006389618,-0.5078397989273071,0.7545592784881592
-0.2365158647298813,-0.5068731904029846,0.7537873983383179
-0.2353529930114746,-0.5059870481491089,0.7530335783958435
-0.23423217236995697,-0.505099892616272,0.7522844672203064
-0.23343461751937866,-0.5045602917671204,0.7515393495559692
-0.2325335294008255,-0.503959059715271,0.7509042620658875
-0.23197278380393982,-0.5035070180892944,0.7505056858062744
-0.23122519254684448,-0.5034730434417725,0.7502753138542175
-0.23061484098434448,-0.5035088658332825,0.750092089176178
-0.23008756339550018,-0.5035907030105591,0.7499650120735168
-0.22935795783996582,-0.5040380954742432,0.7498368620872498
-0.22898930311203003,-0.5045538544654846,0.7498419284820557
-0.228718101978302,-0.5052850246429443,0.7501115798950195
-0.2283976674079895,-0.5064185857772827,0.7506278157234192
-0.22837507724761963,-0.5114381313323975,0.7536228895187378
-0.2277810424566269,-0.5095358490943909,0.7521134614944458
-0.2274446189403534,-0.5112871527671814,0.752929151058197
-0.22723089158535004,-0.5132727026939392,0.7540551424026489
-0.22679966688156128,-0.5154022574424744,0.75522780418396
-0.22614280879497528,-0.5175933837890625,0.7564932703971863
-0.22549961507320404,-0.5200443863868713,0.7579429745674133
-0.22464728355407715,-0.5222824811935425,0.7592250108718872
-0.2235901653766632,-0.52550208568573,0.7611641883850098
-0.22254681587219238,-0.5284423828125,0.7630711197853088
-0.2211197167634964,-0.5314269065856934,0.7650082111358643
-0.21990925073623657,-0.5346405506134033,0.76715487241745
-0.21861854195594788,-0.5379650592803955,0.7694382071495056
-0.21696965396404266,-0.5415308475494385,0.7718945741653442
-0.21569137275218964,-0.5451717376708984,0.7745309472084045
-0.21399487555027008,-0.5489420294761658,0.7771609425544739
-0.21214795112609863,-0.5528824925422668,0.7800571918487549
-0.21052345633506775,-0.5570558905601501,0.7832130789756775
-0.2080361694097519,-0.5610038042068481,0.7861257195472717
-0.2052137851715088,-0.5651546120643616,0.7894259095191956
-0.20203545689582825,-0.5691732168197632,0.7926146984100342
-0.19844312965869904,-0.573464035987854,0.796109139919281
-0.19496743381023407,-0.5775758028030396,0.7996706366539001
-0.1910906434059143,-0.5817643404006958,0.8036362528800964
-0.1871439516544342,-0.5857641100883484,0.8073961138725281
-0.18345323204994202,-0.5901132225990295,0.8114491701126099
-0.177662193775177,-0.5960389971733093,0.817280113697052
-0.1748611330986023,-0.6009117960929871,0.8221098184585571
-0.1712712198495865,-0.6050229668617249,0.8264290690422058
-0.16773374378681183,-0.6088540554046631,0.8303468823432922
-0.16368672251701355,-0.6127082109451294,0.8344845175743103
-0.15870308876037598,-0.6158497333526611,0.8381848335266113
-0.15510661900043488,-0.6202579140663147,0.8429869413375854
-0.15061061084270477,-0.62383633852005,0.8472776412963867
-0.1458713561296463,-0.6274015307426453,0.8515192866325378
-0.14119404554367065,-0.630679726600647,0.855620265007019
-0.13659286499023438,-0.6340463757514954,0.8600640892982483
-0.13198846578598022,-0.637096107006073,0.8641335964202881
-0.1274794191122055,-0.6400824785232544,0.868537962436676
-0.12199591845273972,-0.6422266960144043,0.871921718120575
-0.11703883856534958,-0.6482830047607422,0.8736458420753479
-0.11251839995384216,-0.6506473422050476,0.8780841827392578
-0.10763181000947952,-0.6530255675315857,0.8825480937957764
-0.10284315049648285,-0.6549883484840393,0.8871153593063354
-0.09782572090625763,-0.6572052836418152,0.8915232419967651
-0.09262144565582275,-0.659180760383606,0.8959093689918518
-0.0872780904173851,-0.66110759973526,0.9001599550247192
-0.08121069520711899,-0.6629719734191895,0.904220700263977
-0.07567057013511658,-0.6652465462684631,0.9080858826637268
-0.06894446164369583,-0.667590320110321,0.9119325280189514
-0.06337520480155945,-0.6691541075706482,0.9162262678146362
-0.0574481301009655,-0.6704159379005432,0.9206622838973999
-0.05115045979619026,-0.6716227531433105,0.9253047108650208
-0.04487713798880577,-0.6725289225578308,0.9298205971717834
-0.038381610065698624,-0.6733103394508362,0.9345024824142456
-0.031812671571969986,-0.6740610003471375,0.9391783475875854
-0.024893689900636673,-0.6744537353515625,0.9438613057136536
-0.01814947836101055,-0.6750991940498352,0.9492810368537903
-0.011381388641893864,-0.6753624677658081,0.9540824890136719
-0.004388832021504641,-0.6750291585922241,0.9584181904792786
0.0033284523524343967,-0.6741090416908264,0.9626991152763367
0.00905067753046751,-0.674531102180481,0.9697911739349365
0.016950085759162903,-0.6729136109352112,0.9737741947174072
0.023565562441945076,-0.6730354428291321,0.9792079925537109
0.030888846144080162,-0.6725664734840393,0.9846176505088806
0.03798840567469597,-0.6711750030517578,0.9895685315132141
0.045085735619068146,-0.6700471043586731,0.9945632815361023
0.052200980484485626,-0.6690211892127991,1.000109314918518
0.05936980992555618,-0.6677256226539612,1.005375862121582
0.06694936007261276,-0.6652026772499084,1.009294033050537
0.07355757802724838,-0.6643733978271484,1.0155506134033203
0.08136894553899765,-0.6613415479660034,1.0193628072738647
0.0879260003566742,-0.6598698496818542,1.024619460105896
0.09461502730846405,-0.6580355167388916,1.0298352241516113
0.10126735270023346,-0.656074047088623,1.0348824262619019
0.10805745422840118,-0.6539450883865356,1.040117621421814
0.11439582705497742,-0.6521689891815186,1.045698642730713
0.12089330703020096,-0.6498035788536072,1.0505759716033936
0.12717247009277344,-0.6479676365852356,1.0565054416656494
0.13361041247844696,-0.6454036235809326,1.0616434812545776
0.13994184136390686,-0.6429721117019653,1.067490577697754
0.14577598869800568,-0.6408883929252625,1.072823405265808
0.15194937586784363,-0.6383781433105469,1.07866370677948
0.15782327950000763,-0.6359136700630188,1.0841283798217773
0.1634751260280609,-0.6335054636001587,1.0894354581832886
0.1695086508989334,-0.6305729746818542,1.095224380493164
0.1750982105731964,-0.6276992559432983,1.0998872518539429
0.18071796000003815,-0.6247449517250061,1.105012059211731
0.18649369478225708,-0.6213715076446533,1.1102731227874756
0.19194285571575165,-0.618159830570221,1.1155037879943848
0.19776946306228638,-0.6147149801254272,1.121890664100647
0.20309950411319733,-0.6109587550163269,1.125920057296753
0.20859213173389435,-0.6072143912315369,1.1309109926223755
0.21406736969947815,-0.6032072305679321,1.1359983682632446
0.21964749693870544,-0.5990592837333679,1.1409764289855957
0.22523942589759827,-0.5944473743438721,1.1458873748779297
0.23065918684005737,-0.5898677706718445,1.150549292564392
0.23601561784744263,-0.5851404070854187,1.15508234500885
0.24136234819889069,-0.5805125832557678,1.1596087217330933
0.24662604928016663,-0.5758088827133179,1.1639173030853271
0.2518307566642761,-0.5710176825523376,1.168028712272644
0.25698694586753845,-0.5663269758224487,1.1725265979766846
0.26208582520484924,-0.5612850189208984,1.1763378381729126
0.2671244442462921,-0.5563575029373169,1.1806522607803345
0.27187806367874146,-0.5512109994888306,1.1847608089447021
0.2767711877822876,-0.5454899072647095,1.1885099411010742
0.28158459067344666,-0.5405133366584778,1.1924318075180054
0.2862938642501831,-0.5352231860160828,1.196621298789978
0.29095667600631714,-0.5298784971237183,1.200095534324646
0.29556548595428467,-0.5242817997932434,1.2034106254577637
0.30006372928619385,-0.5196720361709595,1.206620216369629
0.30449968576431274,-0.5140830874443054,1.2098846435546875
0.3088337182998657,-0.5087859034538269,1.2133164405822754
0.3130958378314972,-0.5032212138175964,1.216045618057251
0.2690362334251404,-0.47644639015197754,1.206580400466919
0.274387925863266,-0.4704425036907196,1.2076631784439087
0.27798163890838623,-0.4652373790740967,1.2104437351226807
0.2825984060764313,-0.45990464091300964,1.2122539281845093
0.2892720699310303,-0.4542619585990906,1.213284969329834
0.2943190932273865,-0.4488172233104706,1.2149666547775269
0.297871857881546,-0.4427497684955597,1.2172353267669678
0.3002932071685791,-0.4382736086845398,1.219315528869629
0.3402279019355774,-0.44818198680877686,1.2356061935424805
0.3431236445903778,-0.44273924827575684,1.2374541759490967
0.35411930084228516,-0.43976595997810364,1.2415884733200073
0.35736122727394104,-0.4345267117023468,1.2432831525802612
0.36277902126312256,-0.4286152422428131,1.244882345199585
0.36356282234191895,-0.4232493042945862,1.2479385137557983
0.36302635073661804,-0.4167037010192871,1.249122977256775
0.3687766194343567,-0.41251513361930847,1.2513480186462402
0.37112805247306824,-0.4071202278137207,1.253010630607605
0.3731238543987274,-0.4015204608440399,1.2544678449630737
0.3754183351993561,-0.3964504897594452,1.2557744979858398
0.3777468502521515,-0.3915872275829315,1.256786584854126
0.3798375427722931,-0.38635948300361633,1.2577213048934937
0.38203367590904236,-0.3814638555049896,1.258528470993042
0.3842395842075348,-0.37665438652038574,1.2592391967773438
0.3861830234527588,-0.3717329800128937,1.259629487991333
0.38836079835891724,-0.36713409423828125,1.2600703239440918
0.3902125656604767,-0.3625819683074951,1.2601763010025024
0.3919930160045624,-0.35797297954559326,1.2603023052215576
0.3936105966567993,-0.35336360335350037,1.2604471445083618
0.39535272121429443,-0.34906789660453796,1.2602039575576782
0.39718616008758545,-0.3447417914867401,1.2599745988845825
0.39867138862609863,-0.34064239263534546,1.2595446109771729
0.4003812372684479,-0.33641815185546875,1.2590274810791016
0.4018203616142273,-0.3322247266769409,1.2582520246505737
0.4034133851528168,-0.3283001780509949,1.2573944330215454
0.4048396646976471,-0.3241484463214874,1.2563495635986328
0.40624356269836426,-0.3204823434352875,1.2552629709243774
0.40775588154792786,-0.3169087767601013,1.2540348768234253
0.4063423275947571,-0.313096284866333,1.2508430480957031
0.4078975319862366,-0.3090009093284607,1.2488962411880493
0.40921375155448914,-0.3051169514656067,1.247328519821167
0.41245508193969727,-0.3017204701900482,1.2476539611816406
0.41358184814453125,-0.29815635085105896,1.2458525896072388
0.41453319787979126,-0.2945164144039154,1.2439502477645874
0.4154210388660431,-0.29093873500823975,1.2419075965881348
0.4163644015789032,-0.2875186800956726,1.2399691343307495
0.4171091914176941,-0.2841797471046448,1.2379015684127808
0.417934387922287,-0.28081226348876953,1.2357144355773926
0.4187292754650116,-0.277627557516098,1.2332091331481934
0.4193938076496124,-0.27450254559516907,1.2310088872909546
0.4200008511543274,-0.27154234051704407,1.2288202047348022
0.4207635521888733,-0.26889917254447937,1.226587176322937
0.4213375449180603,-0.2659972906112671,1.224653959274292
0.42199304699897766,-0.2633177936077118,1.2218823432922363
0.4224204421043396,-0.26062819361686707,1.2196063995361328
0.42296329140663147,-0.25801050662994385,1.2170933485031128
0.4234897792339325,-0.2554522156715393,1.2148780822753906
0.4239104390144348,-0.25289496779441833,1.212145209312439
0.42440885305404663,-0.2507774233818054,1.2092902660369873
0.4247358739376068,-0.24842102825641632,1.206276297569275
0.42512908577919006,-0.24622446298599243,1.203568458557129
0.4253237545490265,-0.2440708577632904,1.2007588148117065
0.42516881227493286,-0.2417932152748108,1.1979632377624512
0.42579135298728943,-0.23976288735866547,1.1948257684707642
0.425638347864151,-0.23774299025535583,1.1916897296905518
0.42610445618629456,-0.2359524816274643,1.1884679794311523
0.4260280132293701,-0.2345186471939087,1.1852890253067017
0.427926629781723,-0.23264238238334656,1.1813054084777832
0.42817825078964233,-0.2312767505645752,1.1778045892715454
0.42844411730766296,-0.23015768826007843,1.1743165254592896
0.4287799298763275,-0.22940535843372345,1.1707473993301392
0.4289810359477997,-0.22865426540374756,1.167097568511963
0.4288438856601715,-0.2280304878950119,1.1633542776107788
0.4285510778427124,-0.22753757238388062,1.1596425771713257
0.42826029658317566,-0.22716549038887024,1.1557683944702148
0.42828238010406494,-0.22710637748241425,1.1518915891647339
0.4274991452693939,-0.2269301414489746,1.1478623151779175
0.4277699887752533,-0.22612443566322327,1.144242525100708
0.42759522795677185,-0.22550010681152344,1.1403107643127441
0.4282435476779938,-0.2246294617652893,1.1361337900161743
0.4277524948120117,-0.22379401326179504,1.1324971914291382
0.4273541569709778,-0.2232484370470047,1.1283382177352905
0.42714154720306396,-0.22256754338741302,1.1244113445281982
0.4271829128265381,-0.22145582735538483,1.1202958822250366
0.42742136120796204,-0.22084954380989075,1.1164246797561646
0.4281478226184845,-0.22078292071819305,1.1118669509887695
0.4279349744319916,-0.21974876523017883,1.1080642938613892
0.4283384680747986,-0.2193671464920044,1.1036967039108276
0.4284523129463196,-0.21915332973003387,1.0991939306259155
0.4285590648651123,-0.21898041665554047,1.0946711301803589
0.42868438363075256,-0.21899397671222687,1.0896501541137695
0.4287843704223633,-0.21918492019176483,1.0846729278564453
0.4287882149219513,-0.2195584923028946,1.0793664455413818
0.4289710819721222,-0.22001947462558746,1.0741541385650635
0.4290328323841095,-0.22061114013195038,1.0686824321746826
0.4291313886642456,-0.2213972508907318,1.0629754066467285
0.42886462807655334,-0.222326397895813,1.0575897693634033
0.4289470911026001,-0.22328753769397736,1.051790475845337
0.42851096391677856,-0.22456468641757965,1.0460981130599976
0.42844459414482117,-0.22560007870197296,1.0402276515960693
0.428264319896698,-0.22674134373664856,1.0353059768676758
0.4277586042881012,-0.2275429666042328,1.0287550687789917
0.42743727564811707,-0.2284712940454483,1.0229554176330566
0.4275168180465698,-0.22919675707817078,1.0183780193328857
0.42672738432884216,-0.2300800234079361,1.0126928091049194
0.42694541811943054,-0.2304510623216629,1.0075145959854126
0.42642757296562195,-0.23070387542247772,1.0023306608200073
0.4260774254798889,-0.23076345026493073,0.9971940517425537
0.42574095726013184,-0.23059219121932983,0.9923433065414429
0.4250567853450775,-0.22962696850299835,0.9882673621177673
0.42484331130981445,-0.22903263568878174,0.983858048915863
0.4247921109199524,-0.22892822325229645,0.9795209169387817
0.4243278503417969,-0.22719334065914154,0.9757251739501953
0.42378300428390503,-0.22594913840293884,0.9722774624824524
0.4235360324382782,-0.22441264986991882,0.9688786268234253
0.4236120283603668,-0.2224489152431488,0.965979814529419
0.423317551612854,-0.22077494859695435,0.9630798101425171
0.4226948022842407,-0.21903394162654877,0.9603954553604126
0.4226795732975006,-0.21662543714046478,0.958342969417572
0.42239126563072205,-0.21436035633087158,0.9563716650009155
0.4218718707561493,-0.21228133141994476,0.9545877575874329
0.4185240864753723,-0.20718535780906677,0.9473394155502319
0.41843655705451965,-0.2048271894454956,0.9462619423866272
0.41831517219543457,-0.20249205827713013,0.9454391598701477
0.42176124453544617,-0.20242126286029816,0.950324535369873
0.42187753319740295,-0.20008812844753265,0.9492810964584351
0.41879215836524963,-0.1955736130475998,0.9435690641403198
0.4190550446510315,-0.19350115954875946,0.9431219100952148
0.4224879741668701,-0.1936834305524826,0.9480432271957397
0.41972988843917847,-0.18933935463428497,0.9425646066665649
0.42037174105644226,-0.1875765025615692,0.9423661828041077
0.4237709641456604,-0.18823044002056122,0.9472553730010986
0.42128536105155945,-0.1841634064912796,0.9419798254966736
0.4220838248729706,-0.18278363347053528,0.9419741630554199
0.4259045124053955,-0.18348440527915955,0.9469662308692932
0.42342814803123474,-0.17977362871170044,0.9414556622505188
0.42738014459609985,-0.18103943765163422,0.9469240307807922
0.4282898008823395,-0.1799134910106659,0.946533739566803
0.429115891456604,-0.178917795419693,0.9461942911148071
0.4268876016139984,-0.17550040781497955,0.9406569600105286
0.43064025044441223,-0.17683637142181396,0.9450794458389282
0.4281492531299591,-0.17300638556480408,0.9386177659034729
0.43239685893058777,-0.17494136095046997,0.9440122246742249
0.43329185247421265,-0.1741449534893036,0.9434468150138855
0.43389761447906494,-0.1730957329273224,0.942649245262146
0.43458324670791626,-0.17232558131217957,0.9421256184577942
0.43489834666252136,-0.17111055552959442,0.941481351852417
0.4353315830230713,-0.17002300918102264,0.9412365555763245
0.4353831112384796,-0.16881617903709412,0.9406470060348511
0.4357055425643921,-0.16780461370944977,0.9405604004859924
0.4361409842967987,-0.16674703359603882,0.9398873448371887
0.4362195134162903,-0.16542892158031464,0.9395502805709839
0.4367254674434662,-0.16444921493530273,0.9398088455200195
0.4389711916446686,-0.162163645029068,0.9387862086296082
0.4395647346973419,-0.1610843539237976,0.9391172528266907
0.4396452307701111,-0.15957863628864288,0.9388431310653687
0.44005200266838074,-0.15842567384243011,0.9392032623291016
0.44034525752067566,-0.15699540078639984,0.9392818212509155
0.44045892357826233,-0.1556071639060974,0.9393960237503052
0.44092899560928345,-0.1545346975326538,0.9397341012954712
0.44102510809898376,-0.15347839891910553,0.9398011565208435
0.4414776563644409,-0.15242557227611542,0.9405102133750916
0.441770076751709,-0.1513158082962036,0.9405290484428406
0.44166499376296997,-0.14980797469615936,0.9406081438064575
0.4418817162513733,-0.14882563054561615,0.9408755302429199
0.4418182969093323,-0.14754058420658112,0.9409897327423096
0.44168582558631897,-0.14602792263031006,0.941047191619873
0.44180089235305786,-0.1451084464788437,0.9411179423332214
0.4421069025993347,-0.14425231516361237,0.9415021538734436
0.44205597043037415,-0.14334718883037567,0.9415577054023743
0.4393744170665741,-0.1436336785554886,0.9421916604042053
0.44070225954055786,-0.14022421836853027,0.9385014176368713
0.44244813919067383,-0.14109741151332855,0.9413787722587585
0.4410136640071869,-0.13857601583003998,0.9380120635032654
0.438632607460022,-0.13922572135925293,0.938569188117981
0.43872472643852234,-0.13853786885738373,0.9380253553390503
0.44116511940956116,-0.14028242230415344,0.9419154524803162
0.44147902727127075,-0.1400672197341919,0.9416353702545166
0.4442996680736542,-0.13839833438396454,0.9407123923301697
0.44466081261634827,-0.13808678090572357,0.9404505491256714
0.44252195954322815,-0.13916778564453125,0.9409905076026917
0.44281312823295593,-0.1388755440711975,0.9408353567123413
0.44280317425727844,-0.1381293386220932,0.9408650398254395
0.4430766999721527,-0.13778579235076904,0.9408503174781799
0.4432021677494049,-0.1374838948249817,0.9408311247825623
0.4434069097042084,-0.13714326918125153,0.9409692883491516
0.4431578516960144,-0.1365329921245575,0.9411718845367432
0.44317781925201416,-0.1363845020532608,0.9410625696182251
0.44332432746887207,-0.13611052930355072,0.9412634968757629
0.44330915808677673,-0.13571777939796448,0.9413641095161438
0.4433075487613678,-0.13537262380123138,0.9414736032485962
0.44323617219924927,-0.13502681255340576,0.9415731430053711
0.4430428743362427,-0.1345652937889099,0.9416744112968445
0.4427339732646942,-0.13371366262435913,0.9411211013793945
0.4425406754016876,-0.1334143429994583,0.9412013292312622
0.4422171115875244,-0.132928729057312,0.9413523077964783
0.44196468591690063,-0.13264605402946472,0.9413695931434631
0.4418122470378876,-0.13252568244934082,0.9418670535087585
0.4413973093032837,-0.1319136917591095,0.942022979259491
0.44119730591773987,-0.13162864744663239,0.9422457814216614
0.44099462032318115,-0.13136975467205048,0.9423947334289551
0.44082123041152954,-0.13111703097820282,0.9425964951515198
0.44058364629745483,-0.13084566593170166,0.9428547620773315
0.4402501583099365,-0.13051645457744598,0.9430805444717407
0.4397847652435303,-0.12987643480300903,0.9427810907363892
0.43943047523498535,-0.12963564693927765,0.9435016512870789
0.43918704986572266,-0.12931039929389954,0.9438395500183105
0.43896040320396423,-0.1291407197713852,0.944247305393219
0.43887215852737427,-0.12893396615982056,0.9446101188659668
0.43889084458351135,-0.1289236694574356,0.9449316263198853
0.4388260245323181,-0.12882167100906372,0.9453074932098389
0.4386700391769409,-0.1288435310125351,0.9455952048301697
0.43884003162384033,-0.12857864797115326,0.9460774660110474
0.43886852264404297,-0.1285216212272644,0.9464636445045471
0.438906729221344,-0.1284421682357788,0.9470499753952026
0.4389265477657318,-0.12831522524356842,0.9475892186164856
0.4389411211013794,-0.12827351689338684,0.9480595588684082
0.43894338607788086,-0.12818089127540588,0.9486284255981445
0.43905794620513916,-0.1279953271150589,0.9493234157562256
0.4390818476676941,-0.12794142961502075,0.9497799873352051
0.4390338957309723,-0.12793505191802979,0.9500828981399536
0.43906405568122864,-0.12769562005996704,0.9508030414581299
0.43912720680236816,-0.12771618366241455,0.9513298869132996
0.43919217586517334,-0.12768477201461792,0.9517615437507629
0.43917006254196167,-0.12758827209472656,0.9520775675773621
0.43921399116516113,-0.12749715149402618,0.9525073170661926
0.43920448422431946,-0.12740422785282135,0.9529687166213989
0.4391421377658844,-0.1272898018360138,0.9533456563949585
0.43918922543525696,-0.1273033767938614,0.9536811113357544
0.43899843096733093,-0.12698915600776672,0.9536125659942627
0.43917131423950195,-0.1271607130765915,0.9544287919998169
0.43921443819999695,-0.12706358730793,0.9546815752983093
0.4392234683036804,-0.12708449363708496,0.9549780488014221
0.4391949772834778,-0.12706942856311798,0.9552439451217651
0.43919000029563904,-0.12712495028972626,0.9554678201675415
0.43920373916625977,-0.12724615633487701,0.9558838605880737
0.43919289112091064,-0.1271691471338272,0.956231415271759
0.438870370388031,-0.1269148290157318,0.956657886505127
0.4388289153575897,-0.12691207230091095,0.9568028450012207
0.43882665038108826,-0.12690682709217072,0.9570972919464111
0.4386727809906006,-0.127027228474617,0.957205593585968
0.43862855434417725,-0.12703080475330353,0.9574910402297974
0.4390051066875458,-0.1268153339624405,0.9578444957733154
0.43897393345832825,-0.1267525851726532,0.9581210017204285
0.4390740692615509,-0.1268303394317627,0.9584275484085083
0.43911212682724,-0.12686172127723694,0.9588337540626526
0.4392411410808563,-0.1268243044614792,0.9590835571289062
0.4392203390598297,-0.12678469717502594,0.9593179821968079
0.43925613164901733,-0.1267991065979004,0.9596114754676819
0.43927809596061707,-0.12684932351112366,0.960026204586029
0.43942761421203613,-0.1268327832221985,0.9603330492973328
0.4393864572048187,-0.12681394815444946,0.9607879519462585
0.43941834568977356,-0.12681134045124054,0.9612968564033508
0.4375908374786377,-0.1245887354016304,0.9574695825576782
0.4375908374786377,-0.1245887354016304,0.9574695825576782
0.4385002851486206,-0.12613129615783691,0.959863007068634
0.4393552839756012,-0.12659990787506104,0.9630271792411804
0.4393151104450226,-0.12652133405208588,0.963542640209198
0.43925315141677856,-0.12645159661769867,0.9640915393829346
0.43737995624542236,-0.12421340495347977,0.9605593681335449
0.4374200105667114,-0.12420099228620529,0.9610885381698608
0.43738389015197754,-0.12411583214998245,0.96151202917099
0.43730971217155457,-0.1239924505352974,0.9620352983474731
0.4372353255748749,-0.12385236471891403,0.9625290036201477
0.43884509801864624,-0.12579698860645294,0.9669715762138367
0.43705737590789795,-0.12368672341108322,0.9635444283485413
0.4386450946331024,-0.12553671002388,0.9674630165100098
0.4371331036090851,-0.12362314015626907,0.9643219113349915
0.43754351139068604,-0.124549001455307,0.9653181433677673
0.4374382495880127,-0.1244211345911026,0.9658627510070801
0.43739885091781616,-0.12438615411520004,0.9663606286048889
0.4376504421234131,-0.12418007105588913,0.9667129516601562
0.43760785460472107,-0.12414167821407318,0.9669884443283081
0.4374306797981262,-0.12337388098239899,0.9666464328765869
0.4375973045825958,-0.12409279495477676,0.9672869443893433
0.437696635723114,-0.12421994656324387,0.9676451086997986
0.4377540946006775,-0.12429635226726532,0.9680517315864563
0.4378356337547302,-0.12443200498819351,0.9684498906135559
0.43791407346725464,-0.12453801184892654,0.9688665270805359
0.43740129470825195,-0.12369294464588165,0.9687103033065796
0.4374147951602936,-0.12373564392328262,0.9691568613052368
0.43768760561943054,-0.12434062361717224,0.9699916839599609
0.43769046664237976,-0.12437207251787186,0.9704769253730774
0.4376959204673767,-0.12440110743045807,0.9710696935653687
0.43708735704421997,-0.12326602637767792,0.9712324142456055
0.4372168779373169,-0.12359818816184998,0.9720416069030762
0.4371699392795563,-0.12355037033557892,0.9727733731269836
0.4394996166229248,-0.12220394611358643,0.9728112816810608
0.43670880794525146,-0.12263331562280655,0.974135160446167
0.43649542331695557,-0.12232371419668198,0.9747820496559143
0.43645018339157104,-0.12216544896364212,0.9760262370109558
0.43625929951667786,-0.12173031270503998,0.977509617805481
0.4360405206680298,-0.12125574052333832,0.978701114654541
0.4357393682003021,-0.12070118635892868,0.979945957660675
0.43685463070869446,-0.12171228229999542,0.984846830368042
0.435175359249115,-0.11956071853637695,0.9834436774253845
0.43516668677330017,-0.1196376234292984,0.9859803318977356
0.4358598291873932,-0.11998726427555084,0.9906830191612244
0.4358001947402954,-0.11948742717504501,0.9931715726852417
0.438126802444458,-0.1175379827618599,0.9946790933609009
0.43419787287712097,-0.11668869853019714,0.994164764881134
0.4351806342601776,-0.11749790608882904,0.9997867941856384
0.4352506995201111,-0.11684714257717133,1.0022906064987183
0.4352395236492157,-0.11642914265394211,1.0044941902160645
0.43508538603782654,-0.11579316854476929,1.00747549533844
0.43484240770339966,-0.11525797843933105,1.0103490352630615
0.43481382727622986,-0.11481381952762604,1.0132967233657837
0.43736663460731506,-0.11265423148870468,1.0157487392425537
0.4347819685935974,-0.1133878082036972,1.0195969343185425
0.4347492456436157,-0.11252620816230774,1.0225287675857544
0.43476012349128723,-0.1119232103228569,1.02568781375885
0.4348418116569519,-0.11138291656970978,1.0287877321243286
0.43492525815963745,-0.11082207411527634,1.0318982601165771
0.43491411209106445,-0.11020348221063614,1.035092830657959
0.43498918414115906,-0.10956146568059921,1.0381571054458618
0.435146689414978,-0.10901790112257004,1.0413886308670044
0.43503516912460327,-0.10853280127048492,1.0445698499679565
0.4351837933063507,-0.10822787135839462,1.04767644405365
0.4352627396583557,-0.10782338678836823,1.0506646633148193
0.4352129101753235,-0.10741093009710312,1.05375337600708
0.435006707906723,-0.10675741732120514,1.0568767786026
0.4360160827636719,-0.10545744746923447,1.0598578453063965
0.43540439009666443,-0.10531388968229294,1.0625478029251099
0.43460097908973694,-0.10528954118490219,1.0654059648513794
0.434460312128067,-0.10481325536966324,1.0682437419891357
0.4341779053211212,-0.10438164323568344,1.070877194404602
0.43393051624298096,-0.10384718328714371,1.073551058769226
0.4337780773639679,-0.103365458548069,1.0760250091552734
0.43375107645988464,-0.10300657898187637,1.0785706043243408
0.43344539403915405,-0.10251639783382416,1.0810388326644897
0.4332300126552582,-0.10206356644630432,1.0833343267440796
0.43300962448120117,-0.10161787271499634,1.0855343341827393
0.432719349861145,-0.1009829118847847,1.0876164436340332
0.4324286878108978,-0.10049514472484589,1.0895538330078125
0.43216079473495483,-0.10042144358158112,1.0914570093154907
0.43186014890670776,-0.09986844658851624,1.0932203531265259
0.4315536618232727,-0.0995134711265564,1.0949163436889648
0.43117550015449524,-0.09905622899532318,1.0965496301651
0.43083253502845764,-0.09862807393074036,1.098267912864685
0.430534690618515,-0.0983358696103096,1.0997910499572754
0.4301970601081848,-0.0979190394282341,1.1013256311416626
0.42976653575897217,-0.09751163423061371,1.1027624607086182
0.42939040064811707,-0.09714923053979874,1.1041522026062012
0.42892614006996155,-0.0967266783118248,1.1056658029556274
0.42892614006996155,-0.0967266783118248,1.1056658029556274
0.42892614006996155,-0.0967266783118248,1.1056658029556274
0.42751890420913696,-0.09589704871177673,1.109406590461731
0.42713090777397156,-0.09565497189760208,1.1105080842971802
0.42701664566993713,-0.09551309794187546,1.1125060319900513
0.4268045127391815,-0.09545603394508362,1.1136868000030518
0.42632532119750977,-0.09527454525232315,1.1148054599761963
0.42521560192108154,-0.0937032550573349,1.1128571033477783
0.42562204599380493,-0.09492120146751404,1.1170523166656494
0.42462074756622314,-0.09336963295936584,1.115081548690796
0.4243655204772949,-0.0935780480504036,1.1168382167816162
0.4237890839576721,-0.09293508529663086,1.1174769401550293
0.4236792325973511,-0.09305676817893982,1.1188198328018188
0.4238029420375824,-0.09363493323326111,1.1225241422653198
0.4233788251876831,-0.09336917102336884,1.1234285831451416
0.4226156771183014,-0.09213535487651825,1.1221133470535278
0.42273470759391785,-0.0929563045501709,1.125677466392517
0.421945720911026,-0.09177529066801071,1.1244686841964722
0.4220157563686371,-0.09253409504890442,1.1280349493026733
0.4213241636753082,-0.09150750190019608,1.1267834901809692
0.4215107262134552,-0.09236255288124084,1.130615234375
0.4207613468170166,-0.0912124291062355,1.129468560218811
0.42036619782447815,-0.09221914410591125,1.1335049867630005
0.41955655813217163,-0.0909668505191803,1.132623553276062
0.41940435767173767,-0.09163675457239151,1.1371018886566162
0.4185011088848114,-0.09031480550765991,1.136570692062378
0.41750532388687134,-0.08957116305828094,1.1385669708251953
0.41686758399009705,-0.08921779692173004,1.1406948566436768
0.4166269600391388,-0.0897996723651886,1.145789623260498
0.41552144289016724,-0.08846071362495422,1.1454060077667236
0.4147092401981354,-0.08803673833608627,1.1479610204696655
0.41419973969459534,-0.08777061104774475,1.150344729423523
0.4140912890434265,-0.08876936882734299,1.1560949087142944
0.4133426249027252,-0.08831338584423065,1.1586946249008179
0.41247275471687317,-0.08688939362764359,1.158255934715271
0.41247275471687317,-0.08688939362764359,1.158255934715271
0.4115872085094452,-0.08641092479228973,1.1630548238754272
0.41126301884651184,-0.08626075088977814,1.165526270866394
0.4108547568321228,-0.0860796868801117,1.1676607131958008
0.4105614721775055,-0.08595705032348633,1.1698436737060547
0.4103412926197052,-0.08599141240119934,1.1722462177276611
0.41027331352233887,-0.08687521517276764,1.1768094301223755
0.4099218547344208,-0.08659051358699799,1.1777222156524658
0.40965643525123596,-0.08644670993089676,1.1794954538345337
0.40959811210632324,-0.08644849061965942,1.1811800003051758
0.409335196018219,-0.08628632873296738,1.1826869249343872
0.40935108065605164,-0.08643415570259094,1.18422532081604
0.40929239988327026,-0.08625490963459015,1.185355305671692
0.4093100428581238,-0.08629928529262543,1.1865371465682983
0.4090747535228729,-0.08633935451507568,1.1875802278518677
0.4088869094848633,-0.08647053688764572,1.1886123418807983
0.40891316533088684,-0.08643046766519547,1.189650058746338
0.4090692698955536,-0.08651236444711685,1.190356731414795
0.41073548793792725,-0.08562535047531128,1.1911741495132446
0.4109077453613281,-0.08566412329673767,1.1919230222702026
0.4112122356891632,-0.08581211417913437,1.1924664974212646
0.4114132821559906,-0.08591889590024948,1.1929718255996704
0.4115840196609497,-0.08597303181886673,1.1934188604354858
0.41188037395477295,-0.08613185584545135,1.193822979927063
0.41218599677085876,-0.08624198287725449,1.1941922903060913
0.4123096466064453,-0.08637995272874832,1.1945399045944214
0.4124388098716736,-0.08652003854513168,1.194706678390503
0.4125617444515228,-0.08659582585096359,1.1948354244232178
0.4127824604511261,-0.08678755909204483,1.1949341297149658
0.41291818022727966,-0.08683554083108902,1.195033073425293
0.41299816966056824,-0.08687543869018555,1.195023536682129
0.4131788909435272,-0.0869775339961052,1.1950173377990723
0.4133308529853821,-0.08709817379713058,1.1949111223220825
0.41342833638191223,-0.0871971845626831,1.1947996616363525
0.4135969877243042,-0.08731256425380707,1.1946516036987305
0.4142579436302185,-0.0870426595211029,1.194705605506897
0.41443875432014465,-0.08713963627815247,1.1944376230239868
0.4141593277454376,-0.08773127943277359,1.1938811540603638
0.4143563508987427,-0.08788395673036575,1.193589448928833
0.41446205973625183,-0.08796241879463196,1.1932517290115356
0.4148295223712921,-0.08831478655338287,1.1928075551986694
0.4150004982948303,-0.08839289098978043,1.192333459854126
0.41522422432899475,-0.08849763125181198,1.1918017864227295
0.4154326915740967,-0.08861366659402847,1.1913387775421143
0.41557660698890686,-0.0886789858341217,1.1907340288162231
0.41583865880966187,-0.08878518640995026,1.190017819404602
0.4161107540130615,-0.08894168585538864,1.189231514930725
0.4162864685058594,-0.08901100605726242,1.1885716915130615
0.4166859984397888,-0.08897922933101654,1.1876699924468994
0.4168272316455841,-0.08912138640880585,1.1868985891342163
0.4169795513153076,-0.08918243646621704,1.1859921216964722
0.4170929193496704,-0.08915120363235474,1.1850920915603638
0.4172905385494232,-0.08920847624540329,1.1840726137161255
0.4173141419887543,-0.08907723426818848,1.1832150220870972
0.41756728291511536,-0.08908989280462265,1.1819642782211304
0.41763657331466675,-0.089090496301651,1.1808604001998901
0.41782963275909424,-0.08919255435466766,1.1798224449157715
0.4178978204727173,-0.08907278627157211,1.1784261465072632
0.41819652915000916,-0.08904915302991867,1.176996111869812
0.4184258282184601,-0.0891176089644432,1.1757034063339233
0.41851338744163513,-0.08889518678188324,1.1735785007476807
0.4187648296356201,-0.08884752541780472,1.1719393730163574
0.4189729392528534,-0.0888160988688469,1.1701985597610474
0.4190971255302429,-0.08861566334962845,1.1684010028839111
0.41956233978271484,-0.08766460418701172,1.1649880409240723
0.4197272062301636,-0.087496317923069,1.162963628768921
0.41990503668785095,-0.0873921662569046,1.1610840559005737
0.4184889793395996,-0.08837493509054184,1.1590170860290527
0.41871562600135803,-0.08824332058429718,1.1569526195526123
0.4188108742237091,-0.08804674446582794,1.1545329093933105
0.4189596474170685,-0.08793684840202332,1.1525851488113403
0.42082342505455017,-0.08667878061532974,1.1505722999572754
0.42148783802986145,-0.08755917102098465,1.1508488655090332
0.4212719202041626,-0.08658023923635483,1.1461613178253174
0.42143455147743225,-0.08652330935001373,1.1438918113708496
0.42070871591567993,-0.08826961368322372,1.1443417072296143
0.4216771125793457,-0.08645491302013397,1.1394110918045044
0.4218626022338867,-0.0865490511059761,1.137251377105713
0.4210605323314667,-0.08746752887964249,1.1351391077041626
0.4216596782207489,-0.08850916475057602,1.1352583169937134
0.42187270522117615,-0.08859875053167343,1.1329175233840942
0.4221098721027374,-0.08878973871469498,1.1308257579803467
0.4224124550819397,-0.08907438814640045,1.1285760402679443
0.42206278443336487,-0.08823920786380768,1.1236896514892578
0.42232123017311096,-0.08853720873594284,1.1214137077331543
0.4226200580596924,-0.08881158381700516,1.11934494972229
0.42253437638282776,-0.08873726427555084,1.1163256168365479
0.4228319525718689,-0.0891873762011528,1.114246129989624
0.42311087250709534,-0.08943933993577957,1.1119781732559204
0.4232965409755707,-0.08974646776914597,1.1096493005752563
0.42382800579071045,-0.09067937731742859,1.1086831092834473
0.4236578941345215,-0.09046486765146255,1.1055048704147339
0.42392081022262573,-0.09108560532331467,1.1039882898330688
0.42378103733062744,-0.09089069813489914,1.100555181503296
0.42370691895484924,-0.09091398864984512,1.0979808568954468
0.4237881898880005,-0.09123110771179199,1.09568190574646
0.4239369332790375,-0.09170752763748169,1.0935009717941284
0.42397215962409973,-0.09191064536571503,1.0911586284637451
0.4241241216659546,-0.0923076868057251,1.088710069656372
0.424049437046051,-0.09242253005504608,1.085879921913147
0.42410632967948914,-0.09265268594026566,1.0834563970565796
0.424482136964798,-0.09342286735773087,1.0817123651504517
0.4245564043521881,-0.09374986588954926,1.0790860652923584
0.42449072003364563,-0.09397903829813004,1.0765105485916138
0.4244321882724762,-0.09425657987594604,1.073912501335144
0.42463424801826477,-0.09461034834384918,1.0714610815048218
0.4245869219303131,-0.09490775316953659,1.0687682628631592
0.42436978220939636,-0.09515029191970825,1.0660874843597412
0.42429307103157043,-0.09530875086784363,1.063400387763977
0.42422258853912354,-0.09558968245983124,1.0607200860977173
0.42409971356391907,-0.09567008167505264,1.0579073429107666
0.4239285886287689,-0.09577028453350067,1.0551036596298218
0.4237658977508545,-0.09601599723100662,1.0524065494537354
0.4236261248588562,-0.0961449146270752,1.049643874168396
0.42358601093292236,-0.09629733115434647,1.046912670135498
0.4236976206302643,-0.09626255929470062,1.0441334247589111
0.4234037697315216,-0.0965433344244957,1.0415395498275757
0.4233287572860718,-0.09682275354862213,1.0390827655792236
0.4229137897491455,-0.09684104472398758,1.0363346338272095
0.42265793681144714,-0.09703164547681808,1.0336506366729736
0.42256149649620056,-0.09731172025203705,1.0309900045394897
0.42248454689979553,-0.09767646342515945,1.0284591913223267
0.422286719083786,-0.0978824719786644,1.0258164405822754
0.42213964462280273,-0.09829351305961609,1.0231276750564575
0.42189228534698486,-0.09844992309808731,1.0205289125442505
0.4217085540294647,-0.09875312447547913,1.017781138420105
0.4213956594467163,-0.09889045357704163,1.0152229070663452
0.42117083072662354,-0.09885507822036743,1.0125001668930054
0.42011499404907227,-0.09943276643753052,1.0101667642593384
0.4198375344276428,-0.09969021379947662,1.0075727701187134
0.4195108115673065,-0.099724680185318,1.0050435066223145
0.4192264676094055,-0.09981026500463486,1.0025813579559326
0.42148953676223755,-0.0981520414352417,0.9993718862533569
0.41874757409095764,-0.09970864653587341,0.9976118803024292
0.4186737537384033,-0.09983974695205688,0.9954396486282349
0.42054781317710876,-0.09839097410440445,0.9922031760215759
0.4202199876308441,-0.09839317947626114,0.9902922511100769
0.41757112741470337,-0.09983878582715988,0.9888612031936646
0.417148619890213,-0.09980836510658264,0.9870074987411499
0.4168817698955536,-0.09977512806653976,0.9851646423339844
0.4167046844959259,-0.09981922805309296,0.9834232330322266
0.416592538356781,-0.09993667155504227,0.9814346432685852
0.4162532091140747,-0.099829763174057,0.9799231290817261
0.4162168800830841,-0.09992451965808868,0.9782950282096863
0.41561007499694824,-0.0999341607093811,0.9766711592674255
0.41778624057769775,-0.09859315305948257,0.9745149612426758
0.41773897409439087,-0.09862711280584335,0.9733198285102844
0.41741305589675903,-0.09857414662837982,0.9716320037841797
0.41526153683662415,-0.0998627170920372,0.9711889028549194
0.4151449203491211,-0.09995555132627487,0.9698459506034851
0.41491901874542236,-0.10007800161838531,0.9687147736549377
0.41470426321029663,-0.10009031742811203,0.9676020741462708
0.41454997658729553,-0.10021082311868668,0.9664445519447327
0.4144379794597626,-0.10033530741930008,0.9653840065002441
0.41649511456489563,-0.09932909160852432,0.9638690948486328
0.41622352600097656,-0.09929808229207993,0.9624515175819397
0.41407105326652527,-0.10077767074108124,0.962151288986206
0.41400861740112305,-0.10103058069944382,0.961105227470398
0.41405799984931946,-0.10129018872976303,0.9603409767150879
0.41371315717697144,-0.10124775022268295,0.9590063095092773
0.413936972618103,-0.1017029881477356,0.9587445855140686
0.41346922516822815,-0.1015133410692215,0.9570212364196777
0.4134311378002167,-0.10176101326942444,0.9565070271492004
0.4130837023258209,-0.101738840341568,0.9550860524177551
0.4132862389087677,-0.10215622931718826,0.9550857543945312
0.41273248195648193,-0.10195961594581604,0.953474760055542
0.4124578833580017,-0.1019444689154625,0.952508270740509
0.4122072756290436,-0.10196635872125626,0.9517742395401001
0.4119687080383301,-0.10207235813140869,0.9510348439216614
0.41212397813796997,-0.10232150554656982,0.9510825872421265
0.4139656126499176,-0.10112355649471283,0.9495317339897156
0.4134208559989929,-0.10084430128335953,0.9481065273284912
0.4116820693016052,-0.10253170877695084,0.9489787220954895
0.4135656952857971,-0.10120655596256256,0.9477970004081726
0.41104644536972046,-0.10219834744930267,0.9472792744636536
0.4133192002773285,-0.10123515874147415,0.9466345906257629
0.4132406413555145,-0.10135144740343094,0.9462621808052063
0.4132336676120758,-0.10145693272352219,0.945862352848053
0.4132358431816101,-0.1015286073088646,0.9454938769340515
0.41268759965896606,-0.1012154221534729,0.9443938732147217
0.41309767961502075,-0.10166335850954056,0.9448643922805786
0.4110661745071411,-0.10306120663881302,0.9452349543571472
0.41098281741142273,-0.10308798402547836,0.9449788331985474
0.41100427508354187,-0.10321509838104248,0.9448346495628357
0.4109936058521271,-0.10325879603624344,0.9446077942848206
0.410984605550766,-0.1033497229218483,0.9443744421005249
0.4106917679309845,-0.10312065482139587,0.9441038966178894
0.4107041656970978,-0.1031983271241188,0.9438276290893555
0.4111136198043823,-0.10358723253011703,0.9437763690948486
0.41118061542510986,-0.10376065224409103,0.9435650110244751
0.4112960696220398,-0.10396075248718262,0.9433819651603699
0.4111762046813965,-0.10390543192625046,0.9427951574325562
0.4114794135093689,-0.10424817353487015,0.9428638815879822
0.41171887516975403,-0.10449495911598206,0.9428945779800415
0.41221919655799866,-0.10494561493396759,0.9433395862579346
0.4109618365764618,-0.10377427190542221,0.940739631652832
0.41117724776268005,-0.10402249544858932,0.9407576322555542
0.41274183988571167,-0.10557983070611954,0.943291187286377
0.4124770164489746,-0.10547546297311783,0.9424514770507812
0.4125736653804779,-0.10557615756988525,0.942459225654602
0.4127492308616638,-0.10571373999118805,0.9423639178276062
0.41281431913375854,-0.10579665005207062,0.9422579407691956
0.4129200577735901,-0.1058577373623848,0.9421178698539734
0.41300150752067566,-0.10600005090236664,0.9419609904289246
0.4130009114742279,-0.10607963055372238,0.9418213963508606
0.41305822134017944,-0.10617080330848694,0.9416361451148987
0.41313380002975464,-0.10629101097583771,0.9414568543434143
0.4130716919898987,-0.10635246336460114,0.9412705898284912
0.4131445586681366,-0.10656856745481491,0.9410586953163147
0.4131857752799988,-0.10664340853691101,0.9409319758415222
0.41337987780570984,-0.10696978121995926,0.9410116672515869
0.41331854462623596,-0.10699348896741867,0.9408053755760193
0.4133155047893524,-0.10713674128055573,0.940665066242218
0.41331687569618225,-0.10722509771585464,0.940558135509491
0.4132312536239624,-0.10734670609235764,0.9403362274169922
0.41311749815940857,-0.10752902179956436,0.9401331543922424
0.4130306839942932,-0.10764503479003906,0.9397722482681274
0.41289836168289185,-0.10778965801000595,0.9394785761833191
0.41299548745155334,-0.10809069126844406,0.9395785331726074
0.41289612650871277,-0.10834883898496628,0.9392759799957275
0.4129250943660736,-0.1086849719285965,0.9391321539878845
0.41287022829055786,-0.10911385715007782,0.9389621615409851
0.4128493070602417,-0.10946111381053925,0.9387030601501465
0.4128528833389282,-0.10988985747098923,0.9384428858757019
0.4128293991088867,-0.11019504815340042,0.9384014010429382
0.4127599000930786,-0.11042797565460205,0.9383867979049683
0.41281968355178833,-0.11070175468921661,0.9383683204650879
0.4127885401248932,-0.11095540970563889,0.9382365942001343
0.41267967224121094,-0.1110074445605278,0.9381957650184631
0.4126572906970978,-0.11108783632516861,0.938246488571167
0.41263899207115173,-0.11111390590667725,0.9382759928703308
0.41258490085601807,-0.11110265552997589,0.9382699728012085
0.4125571548938751,-0.11114628612995148,0.938241720199585
0.4125992953777313,-0.11120504885911942,0.9382967948913574
0.4125843346118927,-0.11127523332834244,0.9382537603378296
0.4125863015651703,-0.11127465963363647,0.9381968379020691
0.412566602230072,-0.11128418147563934,0.9381568431854248
0.41260266304016113,-0.11132469773292542,0.9381229281425476
0.4126347601413727,-0.11130820959806442,0.9381533265113831
0.4126635491847992,-0.11135075986385345,0.938108503818512
0.41272956132888794,-0.11141923069953918,0.9381426572799683
0.4127558171749115,-0.11148598045110703,0.9381011128425598
0.41273030638694763,-0.11150496453046799,0.9380478858947754
0.4127441644668579,-0.11151690036058426,0.9379273056983948
0.412714421749115,-0.11152593791484833,0.9378876090049744
0.41269996762275696,-0.11159654706716537,0.9378314018249512
0.4126792848110199,-0.11166783422231674,0.9377589821815491
0.4126772880554199,-0.11168283224105835,0.937766432762146
0.41266918182373047,-0.11168947070837021,0.9377442002296448
0.4126869738101959,-0.11175522208213806,0.9377209544181824
0.41270092129707336,-0.11173589527606964,0.9377853870391846
0.4126596748828888,-0.11171901971101761,0.9377559423446655
0.4126920998096466,-0.11172975599765778,0.9377461075782776
0.4127223491668701,-0.1117042750120163,0.937711775302887
0.4127705693244934,-0.11170632392168045,0.9376903772354126
0.41276413202285767,-0.11166223138570786,0.9376642107963562
0.4128093123435974,-0.11169876903295517,0.9376527070999146
0.4127756357192993,-0.11164885759353638,0.9376195669174194
0.41275161504745483,-0.11165914684534073,0.9375898241996765
0.4128037989139557,-0.11167120188474655,0.9375773072242737
0.41279762983322144,-0.11167708039283752,0.9376198053359985
0.41287240386009216,-0.11165018379688263,0.9376389980316162
0.4129564166069031,-0.11160390824079514,0.9377140402793884
0.4130719304084778,-0.11159965395927429,0.9377632737159729
0.4131524860858917,-0.11158206313848495,0.9378060102462769
0.4132455289363861,-0.11163017898797989,0.9377753734588623
0.41332459449768066,-0.11156244575977325,0.9377776384353638
0.4133581817150116,-0.11153262108564377,0.9377699494361877
0.4134713113307953,-0.11150440573692322,0.9377662539482117
0.4134742319583893,-0.11141446232795715,0.9376682043075562
0.4134684205055237,-0.11149260401725769,0.9376943111419678
0.413670152425766,-0.11134850978851318,0.9376713633537292
0.4136791229248047,-0.11140657961368561,0.937739908695221
0.4137357771396637,-0.11139398068189621,0.9377157688140869
0.4138685464859009,-0.11140098422765732,0.9376645088195801
0.41413965821266174,-0.1113489493727684,0.9376912713050842
0.4141179919242859,-0.11141728609800339,0.9377057552337646
0.41423842310905457,-0.11139056831598282,0.937673807144165
0.4142954647541046,-0.1114250123500824,0.9376453161239624
0.41431039571762085,-0.11134502291679382,0.9375737905502319
0.41432470083236694,-0.11125682294368744,0.9375385046005249
0.41418027877807617,-0.11105676740407944,0.9374942183494568
0.41424936056137085,-0.11094792187213898,0.9375330209732056
0.4142928421497345,-0.11092273890972137,0.9375005960464478
0.4146983027458191,-0.11124841868877411,0.937555193901062
0.4144035577774048,-0.11102885752916336,0.9375730156898499
0.41439568996429443,-0.11095806211233139,0.9376608729362488
0.41479653120040894,-0.111229807138443,0.9376332759857178
0.4146800935268402,-0.11119239032268524,0.937462329864502
0.41465941071510315,-0.11120986938476562,0.9374233484268188
0.41462451219558716,-0.1112799271941185,0.9373082518577576
0.4145650565624237,-0.11135248094797134,0.9372908473014832
0.41418084502220154,-0.11131207644939423,0.9366422295570374
0.4141690135002136,-0.11162033677101135,0.9366454482078552
0.4141662120819092,-0.11201301962137222,0.9366036653518677
0.41662484407424927,-0.11126630753278732,0.9362602829933167
0.41428136825561523,-0.11308614164590836,0.9369181990623474
0.41408196091651917,-0.11361417919397354,0.9368361234664917
0.41145411133766174,-0.11211332678794861,0.9329578876495361
0.41120973229408264,-0.11274615675210953,0.9328247308731079
0.41043123602867126,-0.11378224194049835,0.9324564337730408
0.4100082516670227,-0.11462876200675964,0.9323955178260803
0.4097839891910553,-0.1156892329454422,0.9320343136787415
0.41229039430618286,-0.11891558021306992,0.9362553954124451
0.4089701175689697,-0.11769948154687881,0.9317757487297058
0.41124269366264343,-0.12128294259309769,0.9360548257827759
0.41107556223869324,-0.12283937633037567,0.935813844203949
0.4110574424266815,-0.12373531609773636,0.9352638721466064
0.4082007110118866,-0.12309962511062622,0.9311593770980835
0.4105142056941986,-0.12700553238391876,0.9348146319389343
0.41012588143348694,-0.1287880390882492,0.9344084858894348
0.40980279445648193,-0.130804643034935,0.9342803955078125
0.4088641405105591,-0.1324714720249176,0.9338937401771545
0.4052448272705078,-0.13256092369556427,0.9297941327095032
0.40727996826171875,-0.1372075229883194,0.9336423277854919
0.4034946858882904,-0.1375531554222107,0.92930006980896
0.40283265709877014,-0.1404501497745514,0.9292038679122925
0.40466761589050293,-0.14567504823207855,0.9331992864608765
0.4011300504207611,-0.14636866748332977,0.9288610816001892
0.40007081627845764,-0.14967791736125946,0.9287835359573364
0.3991089463233948,-0.15259656310081482,0.9284461736679077
0.3974888324737549,-0.15551868081092834,0.9280032515525818
0.3965699076652527,-0.15933899581432343,0.9273364543914795
0.3960382044315338,-0.16386200487613678,0.9280886650085449
0.3983297348022461,-0.16989439725875854,0.9329186081886292
0.39721161127090454,-0.17372199892997742,0.9328340291976929
0.3957937955856323,-0.17800621688365936,0.9331213235855103
0.3952997624874115,-0.18197937309741974,0.9334940910339355
0.39382514357566833,-0.18701529502868652,0.9339122176170349
0.3925819396972656,-0.19119980931282043,0.934507429599762
0.39113548398017883,-0.19567570090293884,0.9342340230941772
0.3896021842956543,-0.2002018243074417,0.9349210858345032
0.38820773363113403,-0.20487703382968903,0.9357375502586365
0.3868764042854309,-0.2095666378736496,0.9365174174308777
0.38533997535705566,-0.21458560228347778,0.9374828338623047
0.3838886320590973,-0.21966369450092316,0.9385480880737305
0.3825947344303131,-0.2247747927904129,0.9397211074829102
0.3809731900691986,-0.22992315888404846,0.9412180781364441
0.3793867826461792,-0.23553068935871124,0.9424119591712952
0.3779780864715576,-0.24122321605682373,0.9440062046051025
0.3764384388923645,-0.24694228172302246,0.9454448819160461
0.4050421416759491,-0.24354183673858643,0.930020809173584
0.3730967938899994,-0.25851970911026,0.9491133093833923
0.37154924869537354,-0.2647196352481842,0.9511705040931702
0.36966028809547424,-0.27108290791511536,0.9530986547470093
0.36757075786590576,-0.2771630585193634,0.9553043246269226
0.36615246534347534,-0.28431108593940735,0.9572160840034485
0.36383628845214844,-0.290905237197876,0.9592583775520325
0.3616088330745697,-0.29804807901382446,0.9612841606140137
0.35912802815437317,-0.3051205277442932,0.9636938571929932
0.3860655725002289,-0.30808621644973755,0.9503456950187683
0.3831564486026764,-0.31609976291656494,0.9529199004173279
0.37999847531318665,-0.32419633865356445,0.955518901348114
0.37634679675102234,-0.33165591955184937,0.957547128200531
0.3727739453315735,-0.3396242558956146,0.9601913690567017
0.36909249424934387,-0.3480373024940491,0.9624390006065369
0.3655494153499603,-0.3565673232078552,0.9644114375114441
0.3612847924232483,-0.3652595281600952,0.9663522243499756
0.35693931579589844,-0.3734924793243408,0.9683536291122437
0.352169930934906,-0.3818571865558624,0.970470130443573
0.34716013073921204,-0.39030176401138306,0.9719654321670532
0.34214094281196594,-0.3990784287452698,0.9734779596328735
0.3366786539554596,-0.4075113832950592,0.9749422073364258
0.3312934339046478,-0.4158329963684082,0.9761340618133545
0.32543236017227173,-0.42433711886405945,0.9769668579101562
0.31979912519454956,-0.4326055645942688,0.9779476523399353
0.31303420662879944,-0.4412362575531006,0.9785045981407166
0.3067625164985657,-0.44877004623413086,0.9794597625732422
0.29951387643814087,-0.4560277760028839,0.9801419377326965
0.2926385998725891,-0.46434611082077026,0.9801194071769714
0.28572264313697815,-0.4718502163887024,0.9801076054573059
0.27878448367118835,-0.4790703058242798,0.9802476167678833
0.27160701155662537,-0.486601859331131,0.9805928468704224
0.26423895359039307,-0.49382829666137695,0.9805278182029724
0.25668713450431824,-0.5009667873382568,0.9802483320236206
0.24908347427845,-0.5075250864028931,0.9798314571380615
0.23349906504154205,-0.511268138885498,0.9836942553520203
0.2259315550327301,-0.5174601674079895,0.9831429123878479
0.22528237104415894,-0.5269893407821655,0.9779449701309204
0.21748089790344238,-0.5328917503356934,0.9770215749740601
0.21748089790344238,-0.5328917503356934,0.9770215749740601
0.20094773173332214,-0.5447676777839661,0.9748971462249756
0.19312703609466553,-0.549041211605072,0.9732717275619507
0.1851481944322586,-0.5542633533477783,0.9718555212020874
0.1769648939371109,-0.5593366622924805,0.9704094529151917
0.1689177006483078,-0.5644317269325256,0.9687027931213379
0.16081564128398895,-0.5691107511520386,0.9669541120529175
0.15329661965370178,-0.5739888548851013,0.9664443731307983
0.145367830991745,-0.578195333480835,0.9644773602485657
0.13729475438594818,-0.582410454750061,0.9623156189918518
0.12953424453735352,-0.5859965682029724,0.9601565599441528
0.12155741453170776,-0.5895626544952393,0.9580318927764893
0.1137765422463417,-0.5925929546356201,0.9555718302726746
0.10597579181194305,-0.5960651636123657,0.953048050403595
0.0983947291970253,-0.5988526940345764,0.9503220319747925
0.0906577780842781,-0.6016241312026978,0.9474357962608337
0.08319072425365448,-0.6045599579811096,0.9446184039115906
0.07585499435663223,-0.607324481010437,0.941501796245575
0.06843043863773346,-0.6096650958061218,0.9383253455162048
0.060954708606004715,-0.6120407581329346,0.935028076171875
0.053632400929927826,-0.6138494610786438,0.9314851760864258
0.04653796926140785,-0.6153525710105896,0.9278253316879272
0.03944563493132591,-0.6166815161705017,0.9238156676292419
0.0326569601893425,-0.6177958250045776,0.9199017286300659
0.025741424411535263,-0.6185557842254639,0.9154891967773438
0.019155267626047134,-0.6192490458488464,0.9111419320106506
0.012554206885397434,-0.6196506023406982,0.9064114093780518
0.006074964534491301,-0.6196944117546082,0.9014713168144226
-0.008109896443784237,-0.608034610748291,0.9057342410087585
-0.014566534198820591,-0.6075378656387329,0.9007495641708374
-0.020880740135908127,-0.6068469882011414,0.8958056569099426
-0.02737923339009285,-0.6060615181922913,0.8904179334640503
-0.033684756606817245,-0.6052513122558594,0.8850271105766296
-0.040179189294576645,-0.6041921377182007,0.8791235089302063
-0.04636978358030319,-0.6031004786491394,0.87296462059021
-0.052909497171640396,-0.6013760566711426,0.8666158318519592
-0.05922764167189598,-0.5997153520584106,0.8599878549575806
-0.06560322642326355,-0.5976065993309021,0.853367030620575
-0.06695128232240677,-0.6056166291236877,0.8355149030685425
-0.07398219406604767,-0.6023188829421997,0.8290824294090271
-0.08078672736883163,-0.5991638898849487,0.8219672441482544
-0.08800247311592102,-0.595087468624115,0.8152886033058167
-0.09495433419942856,-0.5909913182258606,0.8083336353302002
-0.10208284109830856,-0.5858279466629028,0.8015908002853394
-0.10885652154684067,-0.5807155966758728,0.7946646213531494
-0.11548525094985962,-0.5753703117370605,0.7878561615943909
-0.12218201160430908,-0.569435715675354,0.7809509634971619
-0.12887050211429596,-0.5631393194198608,0.7742069959640503
-0.13557562232017517,-0.5562342405319214,0.7672845721244812
-0.1424158662557602,-0.5491460561752319,0.7603691220283508
-0.14898781478405,-0.5416370630264282,0.7538496851921082
-0.15591730177402496,-0.5340405702590942,0.7472801208496094
-0.16190598905086517,-0.5259680151939392,0.7409576177597046
-0.16775205731391907,-0.5172806978225708,0.7344808578491211
-0.1731075495481491,-0.5080917477607727,0.728389322757721
-0.177910715341568,-0.49661245942115784,0.727453887462616
-0.18214549124240875,-0.48600175976753235,0.7211860418319702
-0.1856268048286438,-0.47334763407707214,0.7132980823516846
-0.18939654529094696,-0.4591178297996521,0.7064513564109802
-0.19206565618515015,-0.4458127021789551,0.7000200748443604
-0.1913071721792221,-0.4398929178714752,0.6963645219802856
-0.193312406539917,-0.43745994567871094,0.6942768692970276
-0.1938554346561432,-0.42347678542137146,0.687766432762146
-0.19292201101779938,-0.4115293622016907,0.6823408603668213
